id,title,slug,excerpt,content,published,created_at,updated_at
a3ee42dd-66b6-4abd-8b4d-1828e0c4bdf1,Avoiding the Blame Game in Budgeting,blame-game,How to discuss missed targets without finger-pointing.,"Money is the number one cause of divorce in the UK. Why? Because we treat financial discussions as a zero-sum game where someone has to be ""wrong.""

### Moving From Blame to Problem-Solving

When a budget is missed, the natural reaction is to find who overspent. Envis changes the conversation:
*   **Objective Data**: It's not your partner saying you spent too much; it's the data showing the goal is off track.
*   **Future-Focused**: Instead of ""Why did you buy that?"", try ""How can we adjust next month to stay on target?""

Our Blame-Free Progress Tracking keeps you focused on the goal, not the mistake.",t,2026-02-15 08:30:00,2026-02-22 09:57:53.886202
8f18a4d8-523b-464e-8d78-cf20095c4d5d,Teaching Kids About Money as a Team,teaching-kids,Consistent messaging is key to your children's financial literacy.,"Financial habits are formed early. As a couple, how you talk about money in front of your children sets the tone for their future relationship with finance.

### Strategies for the Family Team

*   **The Weekly Family Huddle**: A 5-minute check-in where you discuss upcoming family goals (like a holiday) in a positive light.
*   **Consistent Messaging**: Ensure you and your partner are aligned on things like pocket money and treats before the kids ask.
*   **The Power of ""Not Yet""**: Instead of ""We can't afford it,"" try ""We're saving for [Goal] right now, so we aren't buying this yet.""

Envis helps you model healthy financial partnership for the next generation.",t,2026-02-14 12:00:00,2026-02-22 09:57:53.886202
e83a417f-bf50-48aa-9467-c786c06818dd,The Fairness Engine: Valuing Invisible Labour,fairness-engine,How to account for childcare and housework in your family finances.,"Envis was built on a simple premise: non-monetary work is still work. In many UK families, one partner carries the ""mental load"" of management and domestic labour, which often goes unrecognised in the financial split.

### How the Fairness Engine™ Works

We don't just look at who earns what. We look at:
*   **Direct Income**: Your monthly take-home pay.
*   **Domestic Labour**: Hours spent on childcare, cleaning, and admin.
*   **Specialised Care**: Higher weighting for high-intensity family support.

By putting a market value on these ""invisible"" hours, Envis helps you arrive at a contribution model that feels fair to both partners, reducing resentment and building a stronger partnership.",t,2026-02-17 14:20:00,2026-02-22 09:57:53.886202
717ab500-5f7b-46c8-a2d0-c27fc62216ae,"Mine, Yours, Ours: A Guide to Combined Finances",mine-yours-ours,The psychological benefits of maintaining some financial independence.,"The tradition of ""merging everything"" into a single joint account works for some, but for many modern couples, it creates a loss of agency. Envis advocates for a ""Mine, Yours, Ours"" model.

### The Three-Bucket System

1. **Mine**: Your personal spending money. No questions asked.
2. **Yours**: Your partner's personal spending money.
3. **Ours**: The shared pool for rent, bills, groceries, and family goals.

### Why It Works

This system respects your individuality while fostering collective responsibility. You maintain the freedom to buy a gift or treat yourself without feeling monitored, while ensuring the mortgage is always covered.",t,2026-02-16 16:45:00,2026-02-22 09:57:53.886202
f43bb899-cebf-4bcf-aaa8-4828c7268358,Why Couples Can't Save for a Future They Haven't Agreed On,agreed-future,Financial planning is time travel — you're sending money to your future selves.,"Most couples save for a ""future"" that remains fuzzy and ill-defined. One partner might be thinking of a cottage in the Cotswolds, while the other is dreaming of a tech-filled apartment in London.

### The Alignment Problem

Without a shared vision, every savings goal feels like a sacrifice. If you don't agree on the destination, you'll always argue about the speed of the car.

### How to Align

1. **The 10-Year Vision**: Write down where you want to be in 10 years, separately. Compare notes.
2. **The Values Sort**: Identify your top 3 financial values (Security, Adventure, Freedom, etc.).
3. **The Goal Bridge**: Find the overlap between your visions. That's your first shared goal.

Envis helps you track these goals with our Blame-Free Progress Tracking, ensuring you stay on the same page even when life gets busy.",t,2026-02-19 11:30:00,2026-02-22 09:57:53.886202
6247497f-30dc-4007-9a9b-2a0895c3b456,It's Not a Target Run: The Real Reason You Stress-Spend,stress-spend,You've had the day from hell. By 8pm you're adding things to an online basket you don't need.,"We've all been there. A stressful day at work leads to a ""quick trip"" to the shops, and suddenly you're £50 down on things you didn't know you needed. In a relationship, these impulses can be a major source of friction.

### The Psychology of the Stress-Spend

Retail therapy isn't just a cliché; it's a physiological response to cortisol. When we feel out of control in one area of life, we seek control through acquisition.

### Managing Impulse Together

*   **The 24-Hour Rule**: For any non-essential purchase over £30, wait 24 hours. Most of the time, the urge passes.
*   **The ""Joy"" Check**: Ask yourself if this purchase solves a problem or just masks a feeling.
*   **Shared Buffers**: Set aside a small ""fun money"" amount in your Envis dashboard that is strictly for guilt-free impulse buys.",t,2026-02-18 09:15:00,2026-02-22 09:57:53.886202
49f1cd4d-b539-4faa-82c2-c8ddea83b801,The Silence Tax: Why We Stop Talking About Money When We Need To Most,silence-tax,Financial stress doesn't just cause arguments — it suppresses the conversations that could prevent them.,"Financial stress doesn't just cause arguments — it suppresses the conversations that could prevent them. When we're worried about money, our brains enter a ""scarcity mindset"" that makes long-term thinking almost impossible.

### The Vicious Cycle of Financial Silence

1. **The Trigger**: An unexpected bill or a realization that spending is out of control.
2. **The Internalization**: One or both partners feel guilt or shame.
3. **The Withdrawal**: To avoid conflict, we stop sharing small financial details.
4. **The Explosion**: The accumulated silence leads to a major argument when the pressure becomes too much.

### Breaking the Silence

At Envis, we believe that transparency is the antidote to this tax. By using our ""Mine, Yours, Ours"" sorting, you can maintain your independence while ensuring total clarity on shared goals.

*   **Schedule a ""Money Date""**: Once a week, 15 minutes, no blame.
*   **Focus on Values**: Instead of arguing over a £5 coffee, talk about why that coffee matters (or doesn't) to your partner.
*   **Use Objective Data**: Let Envis handle the tracking so you can focus on the coaching.",t,2026-02-20 10:00:00,2026-02-22 09:57:53.886202
